<Consignment>
    <UniqueId>1234526734543</UniqueId>
    <Number>TEST12345699</Number>
    <Date>2024-09-30</Date>
    <CustomerCode>CUSTOMER-A</CustomerCode>
    <SenderDetails>
        <Name>TransVirtualTest</Name>
        <Address>Level 2</Address>
        <Address2>15 Hunter Street</Address2>
        <Suburb>NEWCASTLE</Suburb>
        <State>NSW</State>
        <Postcode>2300</Postcode>
        <Reference>TEST12345699</Reference>
        <Contact>Michael</Contact>
        <Phone>02 4000 0000</Phone>
        <Email>sender@email.test</Email>
    </SenderDetails>
    <ConsignmentPickupSpecialInstructions>Stair Access Only</ConsignmentPickupSpecialInstructions>
    <ConsignmentSenderIsResidential>false</ConsignmentSenderIsResidential>
    <ReceiverDetails>
        <Name>Rapidteks</Name>
        <Address>Level 1</Address>
        <Address2>10 Yilen Close</Address2>
        <Suburb>BERESFIELD</Suburb>
        <State>NSW</State>
        <Postcode>2321</Postcode>
        <Contact>Andrew</Contact>
        <Phone></Phone>
        <Email>receiver@email.test</Email>
    </ReceiverDetails>
    <PickupRequest>true</PickupRequest>
    <ReceiverIsResidential>true</ReceiverIsResidential>
    <ReturnPdfLabels>true</ReturnPdfLabels>
    <ReturnPdfConsignment>false</ReturnPdfConsignment>
    <SpecialInstructions>Hand Unload Required</SpecialInstructions>
    <ConsignmentOtherReferences>CBA32456</ConsignmentOtherReferences>
    <ConsignmentOtherReferences2>DBA35478</ConsignmentOtherReferences2>
    <Row_1_Reference>Ref1</Row_1_Reference>
    <Row_1_Qty>4</Row_1_Qty>
    <Row_1_Description>Carton</Row_1_Description>
    <Row_1_ItemContentsDescription>Car Parts</Row_1_ItemContentsDescription>
    <Row_1_Weight>10000</Row_1_Weight>    <!-- in grams -->
    <Row_1_Width>2</Row_1_Width>    <!-- in centimeters-->
    <Row_1_Length>2</Row_1_Length>    <!-- in centimeters-->
    <Row_1_Height>3</Row_1_Height>    <!-- in centimeters-->
    <Row_1_DangerousGoodsUNNumber>UN0004</Row_1_DangerousGoodsUNNumber>
    <Row_1_DangerousGoodsClass>1.1D</Row_1_DangerousGoodsClass>
    <Row_1_DangerousGoodsSubRisk>SubRisk1</Row_1_DangerousGoodsSubRisk>
    <Row_1_DangerousGoodsPackagingGroup>15</Row_1_DangerousGoodsPackagingGroup>
    <Row_1_Barcode_1>TEST12345699001</Row_1_Barcode_1>
    <Row_1_Barcode_2>TEST12345699002</Row_1_Barcode_2>
    <Row_1_Barcode_3>TEST12345699003</Row_1_Barcode_3>
    <Row_1_Barcode_4>TEST12345699004</Row_1_Barcode_4>
</Consignment>