{
    "UniqueId": "1234526734543",
    "Number": "TEST12345699",
    "Date": "2024-09-30T00:00:00",
    "CustomerCode": "CUSTOMER-A",
    "ConsignmentPickupSpecialInstructions": "Stair Access Only",
    "ConsignmentSenderIsResidential": false,
    "PickupRequest": true,
    "ReceiverIsResidential": true,
    "ReturnPdfLabels": true,
    "ReturnPdfConsignment": false,
    "SpecialInstructions": "Hand Unload Required",
    "ConsignmentOtherReferences": "CBA32456",
    "ConsignmentOtherReferences2": "DBA35478",
    "SenderName": "TransVirtualTest",
    "SenderAddress": "Level 2",
    "SenderAddress2": "15 Hunter Street",
    "SenderSuburb": "NEWCASTLE",
    "SenderPostcode": "2300",
    "SenderState": "NSW",
    "SenderEmail": "sender@email.test",
    "SenderReference": "TEST12345699",
    "ConsignmentSenderContact": "Michael",
    "ConsignmentSenderPhone": "02 4000 0000",
    "ReceiverName": "Rapidteks",
    "ReceiverAddress": "Level 1",
    "ReceiverAddress2": "10 Yilen Close",
    "ReceiverSuburb": "BERESFIELD",
    "ReceiverPostcode": "2321",
    "ReceiverState": "NSW",
    "ReceiverEmail": "receiver@email.test",
    "ConsignmentReceiverContact": "Andrew",
    "ConsignmentReceiverPhone": "",
    "Rows": [
        {
            "Qty": 4,
            "Description": "Carton",
            "ItemContentsDescription": "Car Parts",
            "Weight": 10000,
            "Width": 2,
            "Length": 2,
            "Height": 3,
            "DangerousGoodsUNNumber": "UN0004",
            "DangerousGoodsClass": "1.1D",
            "DangerousGoodsSubRisk": "SubRisk1",
            "DangerousGoodsPackagingGroup": "15",
            "Reference": "Ref1",
            "Items": [
                {
                    "Barcode": "TEST12345699001"
                },
                {
                    "Barcode": "TEST12345699002"
                },
                {
                    "Barcode": "TEST12345699003"
                },
                {
                    "Barcode": "TEST12345699004"
                }
            ]
        }
    ]
}